{
  "accuracy": 0.9833333333333333,
  "precision": 0.9841269841269842,
  "recall": 0.9833333333333333,
  "f1_score": 0.9833229101521785
}