{
  "accuracy": 0.9772727272727273,
  "precision": 0.9783549783549784,
  "recall": 0.9772727272727273,
  "f1_score": 0.9759265125118785
}